{
	"name": "pipeline1",
	"properties": {
		"activities": [
			{
				"name": "Copy data1",
				"type": "Copy",
				"dependsOn": [],
				"policy": {
					"timeout": "0.12:00:00",
					"retry": 0,
					"retryIntervalInSeconds": 30,
					"secureOutput": false,
					"secureInput": false
				},
				"userProperties": [],
				"typeProperties": {
					"source": {
						"type": "DelimitedTextSource",
						"storeSettings": {
							"type": "AzureBlobStorageReadSettings",
							"recursive": true,
							"wildcardFolderPath": "Data Files",
							"wildcardFileName": "Accounts.csv",
							"enablePartitionDiscovery": false
						},
						"formatSettings": {
							"type": "DelimitedTextReadSettings"
						}
					},
					"sink": {
						"type": "AzureSqlSink",
						"writeBehavior": "insert",
						"sqlWriterUseTableLock": false
					},
					"enableStaging": false,
					"translator": {
						"type": "TabularTranslator",
						"typeConversion": true,
						"typeConversionSettings": {
							"allowDataTruncation": true,
							"treatBooleanAsNumber": true
						}
					}
				},
				"inputs": [
					{
						"referenceName": "Blob_CSVFiles",
						"type": "DatasetReference",
						"parameters": {
							"FileName": "Accounts.csv"
						}
					}
				],
				"outputs": [
					{
						"referenceName": "AzureSqlWealth",
						"type": "DatasetReference",
						"parameters": {
							"TableName": "Accounts"
						}
					}
				]
			},
			{
				"name": "Get Metadata1",
				"type": "GetMetadata",
				"state": "Inactive",
				"onInactiveMarkAs": "Succeeded",
				"dependsOn": [],
				"policy": {
					"timeout": "0.12:00:00",
					"retry": 0,
					"retryIntervalInSeconds": 30,
					"secureOutput": false,
					"secureInput": false
				},
				"userProperties": [],
				"typeProperties": {
					"dataset": {
						"referenceName": "Blob_CSVFiles",
						"type": "DatasetReference",
						"parameters": {
							"FileName": "FileName"
						}
					},
					"fieldList": [
						"childItems"
					],
					"storeSettings": {
						"type": "AzureBlobStorageReadSettings",
						"recursive": true,
						"enablePartitionDiscovery": false
					},
					"formatSettings": {
						"type": "DelimitedTextReadSettings"
					}
				}
			}
		],
		"annotations": [],
		"lastPublishTime": "2025-12-04T09:10:23Z"
	},
	"type": "Microsoft.DataFactory/factories/pipelines"
}